{"best_epoch": 11, "best_val_loss": 0.31049945690749603, "best_val_acc": 89.62962962962963, "stopped_early": true, "patience": 5, "min_delta": 0.001}