{"AnnualCrop": {"precision": 0.9365079365079365, "recall": 0.875, "f1-score": 0.904709748083242, "support": 472.0}, "Forest": {"precision": 0.9485458612975392, "recall": 0.9592760180995475, "f1-score": 0.953880764904387, "support": 442.0}, "HerbaceousVegetation": {"precision": 0.841743119266055, "recall": 0.8013100436681223, "f1-score": 0.8210290827740492, "support": 458.0}, "Highway": {"precision": 0.8706199460916442, "recall": 0.8260869565217391, "f1-score": 0.847769028871391, "support": 391.0}, "Industrial": {"precision": 0.9662921348314607, "recall": 0.91005291005291, "f1-score": 0.9373297002724795, "support": 378.0}, "Pasture": {"precision": 0.8892508143322475, "recall": 0.9130434782608695, "f1-score": 0.900990099009901, "support": 299.0}, "PermanentCrop": {"precision": 0.7737556561085973, "recall": 0.9023746701846965, "f1-score": 0.833130328867235, "support": 379.0}, "Residential": {"precision": 0.9877450980392157, "recall": 0.8955555555555555, "f1-score": 0.9393939393939394, "support": 450.0}, "River": {"precision": 0.7937649880095923, "recall": 0.8826666666666667, "f1-score": 0.8358585858585859, "support": 375.0}, "SeaLake": {"precision": 0.9270588235294117, "recall": 0.9704433497536946, "f1-score": 0.9482551143200962, "support": 406.0}, "accuracy": 0.8923456790123456, "macro avg": {"precision": 0.8935284378013699, "recall": 0.8935809648763801, "f1-score": 0.8922346392355307, "support": 4050.0}, "weighted avg": {"precision": 0.8963334877436845, "recall": 0.8923456790123456, "f1-score": 0.8930311578192837, "support": 4050.0}}