{"train_loss": [1.1565084388520983, 0.7688258494145025, 0.6604103605835526, 0.5851031206398414, 0.5376103249933354, 0.4902314052506099, 0.4236255876853983, 0.39103501668052065, 0.37082165168706704, 0.3214639783157873, 0.3089171581514298, 0.27670244986418063, 0.2687510556597558], "val_loss": [0.784264995875182, 0.5847830307630845, 0.5376544289971575, 0.49996451488247623, 0.4305377119043727, 0.6640978691018657, 0.32078937179512446, 0.31533574569740414, 0.36586012742033713, 0.33412342143647467, 0.3521603441900677, 0.31543123177908083, 0.35625619530677793], "val_acc": [71.33333333333333, 78.64197530864197, 81.20987654320987, 82.79012345679013, 85.38271604938272, 79.62962962962963, 88.54320987654322, 89.70370370370371, 88.17283950617283, 89.77777777777777, 89.11111111111111, 90.8641975308642, 89.01234567901234]}