{"train_loss": [1.123173556416123], "val_loss": [0.7664931951628791], "val_acc": [70.81481481481481]}