{"AnnualCrop": {"precision": 0.6921151439299124, "recall": 0.8763866877971473, "f1-score": 0.7734265734265734, "support": 631.0}, "Forest": {"precision": 0.9077380952380952, "recall": 0.5240549828178694, "f1-score": 0.664488017429194, "support": 582.0}, "HerbaceousVegetation": {"precision": 0.7564102564102564, "recall": 0.5784313725490197, "f1-score": 0.6555555555555556, "support": 612.0}, "Highway": {"precision": 0.688212927756654, "recall": 0.34476190476190477, "f1-score": 0.4593908629441624, "support": 525.0}, "Industrial": {"precision": 0.8, "recall": 0.9752066115702479, "f1-score": 0.8789571694599627, "support": 484.0}, "Pasture": {"precision": 0.7445482866043613, "recall": 0.6035353535353535, "f1-score": 0.6666666666666666, "support": 396.0}, "PermanentCrop": {"precision": 0.5714285714285714, "recall": 0.6482213438735178, "f1-score": 0.6074074074074074, "support": 506.0}, "Residential": {"precision": 0.9477611940298507, "recall": 0.8382838283828383, "f1-score": 0.8896672504378283, "support": 606.0}, "River": {"precision": 0.5954063604240283, "recall": 0.6780684104627767, "f1-score": 0.6340545625587959, "support": 497.0}, "SeaLake": {"precision": 0.5776135163674763, "recall": 0.9750445632798574, "f1-score": 0.7254641909814323, "support": 561.0}, "accuracy": 0.7081481481481482, "macro avg": {"precision": 0.7281234352189205, "recall": 0.7041995059030531, "f1-score": 0.6955078256867578, "support": 5400.0}, "weighted avg": {"precision": 0.7323608328290437, "recall": 0.7081481481481482, "f1-score": 0.699103092164082, "support": 5400.0}}