{"accuracy": 0.7081481481481482, "f1": 0.699103092164082, "precision": 0.7323608328290437, "recall": 0.7081481481481482}