{
    "accuracy": 0.8923456790123456,
    "f1": 0.8930311578192837,
    "precision": 0.8963334877436845,
    "recall": 0.8923456790123456
}