{"AnnualCrop": {"precision": 0.8458498023715415, "recall": 0.9067796610169492, "f1-score": 0.8752556237218814, "support": 472.0}, "Forest": {"precision": 0.9498207885304659, "recall": 0.5995475113122172, "f1-score": 0.7350901525658807, "support": 442.0}, "HerbaceousVegetation": {"precision": 0.8400954653937948, "recall": 0.7685589519650655, "f1-score": 0.8027366020524516, "support": 458.0}, "Highway": {"precision": 0.7955801104972375, "recall": 0.7365728900255755, "f1-score": 0.7649402390438247, "support": 391.0}, "Industrial": {"precision": 0.8970588235294118, "recall": 0.9682539682539683, "f1-score": 0.9312977099236641, "support": 378.0}, "Pasture": {"precision": 0.8426573426573427, "recall": 0.8060200668896321, "f1-score": 0.8239316239316239, "support": 299.0}, "PermanentCrop": {"precision": 0.6823027718550106, "recall": 0.8443271767810027, "f1-score": 0.7547169811320755, "support": 379.0}, "Residential": {"precision": 0.9848101265822785, "recall": 0.8644444444444445, "f1-score": 0.9207100591715977, "support": 450.0}, "River": {"precision": 0.8444444444444444, "recall": 0.7093333333333334, "f1-score": 0.7710144927536232, "support": 375.0}, "SeaLake": {"precision": 0.6497545008183306, "recall": 0.9778325123152709, "f1-score": 0.7807276302851525, "support": 406.0}, "accuracy": 0.8177777777777778, "macro avg": {"precision": 0.8332374176679858, "recall": 0.8181670516337458, "f1-score": 0.8160421114581775, "support": 4050.0}, "weighted avg": {"precision": 0.8365838330487056, "recall": 0.8177777777777778, "f1-score": 0.8171912849625586, "support": 4050.0}}