{"accuracy": 0.8177777777777778, "f1": 0.8171912849625586, "precision": 0.8365838330487056, "recall": 0.8177777777777778}