{"train_loss": [1.173165629528187, 0.7825771804209108, 0.6543896890569616, 0.5782519354643645, 0.528012440028014], "val_loss": [0.8395247664274993, 0.574835432238049, 0.7410397519005669, 0.5382247684178529, 0.6220107176127257], "val_acc": [68.37037037037037, 79.05555555555556, 76.18518518518519, 81.44444444444444, 79.44444444444444]}