{"train_loss": [1.2105836613972982, 0.7985619845718303, 0.6893139855066935, 0.6211411773212372, 0.566681391927931, 0.5249270763535979, 0.47738390540319775, 0.4556549885159447, 0.4146244659877959, 0.39016815031016316, 0.343689173337013, 0.3331229849025686, 0.28900052852731534, 0.2897996470978651, 0.24895488282695177, 0.23809350726781067], "val_loss": [0.7374565042684108, 0.7833147773036251, 0.5538610199645714, 0.5597956767494295, 0.6630554644855452, 0.41304023218743596, 0.6287159675433311, 0.9927520232730441, 0.5502111426989238, 0.4794014858758008, 0.31049945690749603, 0.3096688081232118, 0.975943573963495, 0.8145701405442791, 2.859899446346142, 0.3777246053682433], "val_acc": [74.22222222222223, 71.87654320987654, 80.81481481481481, 80.24691358024691, 78.46913580246914, 86.09876543209876, 81.4320987654321, 75.4074074074074, 80.5679012345679, 84.74074074074075, 89.62962962962963, 89.95061728395062, 79.80246913580247, 79.03703703703704, 72.5925925925926, 89.33333333333333]}