{"accuracy": 0.6146296296296296, "f1": 0.5759894369429204, "precision": 0.696392812112269, "recall": 0.6146296296296296}