{"AnnualCrop": {"precision": 0.7448979591836735, "recall": 0.8098256735340729, "f1-score": 0.7760060744115413, "support": 631.0}, "Forest": {"precision": 0.7333333333333333, "recall": 0.018900343642611683, "f1-score": 0.03685092127303183, "support": 582.0}, "HerbaceousVegetation": {"precision": 0.7509505703422054, "recall": 0.6454248366013072, "f1-score": 0.6942003514938488, "support": 612.0}, "Highway": {"precision": 0.6007905138339921, "recall": 0.2895238095238095, "f1-score": 0.390745501285347, "support": 525.0}, "Industrial": {"precision": 0.8666666666666667, "recall": 0.9669421487603306, "f1-score": 0.9140625, "support": 484.0}, "Pasture": {"precision": 0.7804878048780488, "recall": 0.24242424242424243, "f1-score": 0.3699421965317919, "support": 396.0}, "PermanentCrop": {"precision": 0.8723404255319149, "recall": 0.4051383399209486, "f1-score": 0.553306342780027, "support": 506.0}, "Residential": {"precision": 0.7982954545454546, "recall": 0.9273927392739274, "f1-score": 0.8580152671755725, "support": 606.0}, "River": {"precision": 0.4691516709511568, "recall": 0.7344064386317908, "f1-score": 0.5725490196078431, "support": 497.0}, "SeaLake": {"precision": 0.35974025974025975, "recall": 0.9875222816399287, "f1-score": 0.5273679200380771, "support": 561.0}, "accuracy": 0.6146296296296296, "macro avg": {"precision": 0.6976654659006706, "recall": 0.602750085395297, "f1-score": 0.5693046094597081, "support": 5400.0}, "weighted avg": {"precision": 0.696392812112269, "recall": 0.6146296296296296, "f1-score": 0.5759894369429204, "support": 5400.0}}