{"AnnualCrop": {"precision": 0.8941176470588236, "recall": 0.4830508474576271, "f1-score": 0.6272352132049519, "support": 472.0}, "Forest": {"precision": 0.0, "recall": 0.0, "f1-score": 0.0, "support": 442.0}, "HerbaceousVegetation": {"precision": 0.84, "recall": 0.5502183406113537, "f1-score": 0.6649076517150396, "support": 458.0}, "Highway": {"precision": 0.4502923976608187, "recall": 0.3938618925831202, "f1-score": 0.4201909959072306, "support": 391.0}, "Industrial": {"precision": 0.9230769230769231, "recall": 0.9206349206349206, "f1-score": 0.9218543046357616, "support": 378.0}, "Pasture": {"precision": 0.7142857142857143, "recall": 0.43478260869565216, "f1-score": 0.5405405405405406, "support": 299.0}, "PermanentCrop": {"precision": 0.5647279549718575, "recall": 0.7941952506596306, "f1-score": 0.6600877192982456, "support": 379.0}, "Residential": {"precision": 0.9688995215311005, "recall": 0.9, "f1-score": 0.9331797235023042, "support": 450.0}, "River": {"precision": 0.2476993865030675, "recall": 0.8613333333333333, "f1-score": 0.3847528290649196, "support": 375.0}, "SeaLake": {"precision": 0.9085545722713865, "recall": 0.7586206896551724, "f1-score": 0.8268456375838926, "support": 406.0}, "accuracy": 0.6046913580246913, "macro avg": {"precision": 0.6511654117359692, "recall": 0.609669788363081, "f1-score": 0.5979594615452887, "support": 4050.0}, "weighted avg": {"precision": 0.6560739427890896, "recall": 0.6046913580246913, "f1-score": 0.5987767195655233, "support": 4050.0}}