{"train_loss": [1.0102231385089733], "val_loss": [1.1550721443140948], "val_acc": [61.46296296296296]}