{"train_loss": [1.0082628540765672, 0.6514252082632963, 0.4966106154426696, 0.4209382484829615, 0.35692550188649896, 0.32990469932240785, 0.2793495504865571, 0.25650780135676976, 0.23617686523646905, 0.21109437718277885, 0.20191199521539072, 0.18032484593372497, 0.15867221501926895, 0.15345767439200134, 0.14452290283151403, 0.14049185695313904, 0.12569315892047983, 0.11619705176542676, 0.11172946233440328, 0.11087338362657835, 0.10730078560334665, 0.09614618195270104, 0.09272687712753261, 0.09176069303361511, 0.08149179001452116], "val_loss": [0.8593353966136038, 0.5653275358971255, 0.4975228622960456, 0.3228592402258037, 0.3404809971208926, 0.33974303397131556, 0.23126531653934054, 0.23449261874328425, 0.25807389582380835, 0.23634639419891215, 0.18071479072173435, 0.15662296292222577, 0.24272318121091818, 0.14068543849811876, 0.14341657392772628, 0.14675348292714283, 0.16905772970782387, 0.13388064063441607, 0.1259754209238806, 0.1178759266509686, 0.12871112806929483, 0.13853292053864327, 0.12983178538304788, 0.1216606407272227, 0.17498696565628052], "val_acc": [71.28395061728395, 80.19753086419753, 82.66666666666667, 88.54320987654322, 89.01234567901234, 88.51851851851852, 92.34567901234568, 91.75308641975309, 91.1604938271605, 92.44444444444444, 93.75308641975309, 94.79012345679013, 91.75308641975309, 95.08641975308642, 95.33333333333333, 94.61728395061728, 94.0, 95.11111111111111, 95.50617283950618, 95.87654320987654, 95.62962962962963, 95.30864197530865, 95.92592592592592, 95.95061728395062, 93.72839506172839]}