{
    "AnnualCrop": {
        "precision": 0.9336099585062241,
        "recall": 0.9533898305084746,
        "f1-score": 0.9433962264150944,
        "support": 472.0
    },
    "Forest": {
        "precision": 0.9976019184652278,
        "recall": 0.9411764705882353,
        "f1-score": 0.9685681024447031,
        "support": 442.0
    },
    "HerbaceousVegetation": {
        "precision": 0.9369565217391305,
        "recall": 0.9410480349344978,
        "f1-score": 0.9389978213507625,
        "support": 458.0
    },
    "Highway": {
        "precision": 0.9844559585492227,
        "recall": 0.9718670076726342,
        "f1-score": 0.9781209781209781,
        "support": 391.0
    },
    "Industrial": {
        "precision": 0.9786666666666667,
        "recall": 0.9708994708994709,
        "f1-score": 0.9747675962815405,
        "support": 378.0
    },
    "Pasture": {
        "precision": 0.9620689655172414,
        "recall": 0.9331103678929766,
        "f1-score": 0.9473684210526315,
        "support": 299.0
    },
    "PermanentCrop": {
        "precision": 0.9441489361702128,
        "recall": 0.9366754617414248,
        "f1-score": 0.9403973509933775,
        "support": 379.0
    },
    "Residential": {
        "precision": 0.9760348583877996,
        "recall": 0.9955555555555555,
        "f1-score": 0.9856985698569857,
        "support": 450.0
    },
    "River": {
        "precision": 0.9378238341968912,
        "recall": 0.9653333333333334,
        "f1-score": 0.9513797634691196,
        "support": 375.0
    },
    "SeaLake": {
        "precision": 0.964200477326969,
        "recall": 0.9950738916256158,
        "f1-score": 0.9793939393939394,
        "support": 406.0
    },
    "accuracy": 0.9609876543209876,
    "macro avg": {
        "precision": 0.9615568095525585,
        "recall": 0.9604129424752219,
        "f1-score": 0.9608088769379132,
        "support": 4050.0
    },
    "weighted avg": {
        "precision": 0.9613442964239741,
        "recall": 0.9609876543209876,
        "f1-score": 0.9609871696836016,
        "support": 4050.0
    }
}