{"accuracy": 0.9346913580246913, "f1": 0.7787767195655233, "precision": 0.7860739427890896, "recall": 0.8946913580246913}