{"train_loss": [1.010863889436873, 0.5857533236186971, 0.4392583916931556, 0.3570226081969246, 0.32025504269927896, 0.2823413156390821, 0.24494018675158263, 0.2412886949317165, 0.21022390416374914, 0.18963883870808534, 0.17730942372922545, 0.15915096937348602, 0.1491442162350372, 0.14376533994914362, 0.12731567508644528, 0.12318262379636209, 0.11588549318136993, 0.11860306721515756, 0.09522988496949433, 0.09668368830961525, 0.09913276681193599, 0.08389012113410645, 0.07997069944464971, 0.06972626567833007, 0.08553889693485366, 0.0646294714739083, 0.07690106480682969, 0.05820138925440097, 0.0540645165197433], "val_loss": [0.6680648044892299, 0.5059720557707328, 0.5482240641264268, 0.3823564244641198, 0.2737549686726229, 0.2447970136668947, 0.4784329803196, 0.25398396644327376, 0.2024365551714544, 0.3136494885109089, 0.2434328732188837, 0.18440538158755243, 0.346908015454257, 0.16453748694540543, 0.16276391566535572, 0.346926411198981, 0.12512248288794064, 0.21487708391966642, 0.13276411484788966, 0.1402625541444178, 0.19893368417466128, 0.11351677163883492, 0.13541350248511191, 0.11159798798921668, 0.1548422662748231, 0.3041537458182853, 0.1211173454856063, 0.1425893125600285, 0.11827348312110077], "val_acc": [77.75308641975309, 82.54320987654322, 81.1604938271605, 86.14814814814815, 91.08641975308642, 91.90123456790124, 83.53086419753086, 91.58024691358025, 93.45679012345678, 89.28395061728395, 91.90123456790124, 93.67901234567901, 89.1358024691358, 94.81481481481481, 94.29629629629629, 88.41975308641975, 95.95061728395062, 92.98765432098766, 95.48148148148148, 95.1358024691358, 93.33333333333333, 96.41975308641975, 95.45679012345678, 96.32098765432099, 95.1358024691358, 91.1358024691358, 96.29629629629629, 95.53086419753086, 96.07407407407408]}