{"accuracy": 0.9609876543209876, "f1": 0.9609871696836016, "precision": 0.9613442964239741, "recall": 0.9609876543209876}