{"accuracy": 0.6046913580246913, "f1": 0.5987767195655233, "precision": 0.6560739427890896, "recall": 0.6046913580246913}